Workbook

Sheet 表紙・条件
B1: 御 見 積 書
B3: 工事名称 | C3: （仮称）サンフレッチェ広島 三矢寮新築工事
B4: 工事場所 | C4: 広島県安芸高田市吉田町西浦字日南山835-27
B5: 見積範囲 | C5: 機械設備工事のうち 空調設備工事（空気調和設備・換気設備）
B6: 設計図書 | C6: ベース: 機械設備図 06（若本建築事務所 '26.1.31 図面No.機械1～36）／追加: 金額変更案検討図 08（No1～6のうち空調換気に係る No3・4 ロスナイ中止、No5・6 空調追加）
B7: 工期(参考) | C7: 2026年5月1日～2027年2月15日（詳細工程表 2026.8.18 共栄店舗）
B8: 見積作成日 | C8: 2026年10月5日
B10: ■ 前提条件
B11: 1. 機器 | C11: 空調・換気機器（室内機・室外機・リモコン・換気扇・全熱交換器・屋外機架台・ドレンアップ等 機器表記載の本体および付属品）は元請支給とし、本見積には機器費を含みません。据付労務・据付用副資材・配管・ダクト・保温・試運転調整のみ計上しています。
B12: 2. 工事区分 | C12: 機器の電源供給（電源配線・接地）は電気工事。機器付属の制御盤およびリモコン制御の配管・配線（工事区分表「機械」）は本工事。基礎・躯体貫通穴明け・スリーブ穴埋め・天井点検口は建築工事（工事区分表による）。
B13: 3. 数量 | C13: 数量は図面から拾い出した値です。PDF図面のベクトルデータから配管・ダクト線の平面延長を機械的に計測した値を「実測」、図面に表記のない立上り・立下り・機器接続部・配管経路未記載部（追AC）を経験則で推定した値を「推測」として明細の「根拠」欄に区分しています。台数は「図面カウント」としています。
B14: 4. 朱書き | C14: 図面08（金額変更案検討図）に基づく追加・変更項目は明細で赤字（区分「08」）で表示しています。ロスナイ中止はベース計上分の減額と代替機器の計上を併記しています。
B15: 5. 単価 | C15: 単価は本見積作成用の仮単価（材工共・税抜）です。「単価仮定」シートを参照のうえ、自社の複合単価・実勢価格に置き換えてご使用ください。
B16: 6. 除外 | C16: 電気工事（電源・接地・インバータ盤）、基礎・躯体工事、天井点検口、衛生・消火・ガス・浄化槽設備、自動制御設備（特記 ○）、共通仮設、産廃処分費（諸経費に含むものとする）。
B17: 7. 要確認事項 | C17: ①冷媒管 被覆銅管の仕様（特記仕様書は脱酸銅管/被覆銅管とも未選択、管種凡例は被覆銅管）。②ドレン管保温の要否（特記 保温表は空欄）。③厨房フード①～④の工事区分（機械図 フードリストに記載）。④追AC トリプル用分岐管の支給範囲。⑤ロスナイ中止後の OA 側ダクト・制気口の扱い（本見積では自然給気として図示どおり残置）。⑥吸気口 KS-8841PR3-SG の支給有無。

Sheet 見積内訳書
A1: 見 積 内 訳 書 （仮称）サンフレッチェ広島 三矢寮新築工事 空調設備工事（機器元請支給）
A3: 項目 | B3: 名称 | C3: 金額(円) | D3: 備考
A4: A | B4: 空調設備工事（ベース図面06） | C4: =明細!H58 -> 9891800
A5: A-1 | B5: 空調機器据付（機器元請支給） | C5: =明細!H28 -> 3723000
A6: A-2 | B6: 冷媒配管 | C6: =明細!H40 -> 4195400
A7: A-3 | B7: ドレン配管 | C7: =明細!H48 -> 1158400
A8: A-4 | B8: 付帯工事・試運転 | C8: =明細!H57 -> 815000
A9: B | B9: 換気設備工事（ベース図面06） | C9: =明細!H152 -> 9065000
A10: B-1 | B10: 換気機器据付（機器元請支給） | C10: =明細!H101 -> 2247000
A11: B-2 | B11: ダクト工事 | C11: =明細!H116 -> 2732500
A12: B-3 | B12: ダクト保温 | C12: =明細!H120 -> 570500
A13: B-4 | B13: 制気口・ボックス | C13: =明細!H141 -> 1369000
A14: B-5 | B14: フード類・その他 | C14: =明細!H151 -> 2146000
A15: C | B15: 金額変更案（図面08 朱書き） | C15: =明細!H198 -> 4784500 | D15: 図面08 金額変更案に基づく追加・減額（朱書き）
A16: C-1 | B16: No3・4 ロスナイ中止（減額・代替） | C16: =明細!H169 -> 406000
A17: C-2 | B17: No5・6 空調追加 | C17: =明細!H197 -> 4378500
B19: 直接工事費 計（A＋B＋C） | C19: =C4+C9+C15 -> 23741300
B20: うち ベース（A＋B） | C20: =C4+C9 -> 18956800
B21: うち 金額変更案（C） | C21: =C15 -> 4784500
B22: 法定福利費（労務費率50%×16.3% と仮定） | C22: =ROUND(C19*0.5*0.163,0) -> 1934916 | D22: 仮定値。自社の算定方法に置換のこと
B23: 諸経費（現場管理費・一般管理費 12% と仮定） | C23: =ROUND(C19*0.12,0) -> 2848956 | D23: 仮定値
B24: 見積金額（税抜） | C24: =C19+C22+C23 -> 28525172
B25: 消費税（10%） | C25: =ROUND(C24*0.1,0) -> 2852517
B26: 見積金額（税込） | C26: =C24+C25 -> 31377689

Sheet 明細
A1: 区分 | B1: 項目 | C1: 名称 | D1: 規格・仕様 | E1: 数量 | F1: 単位 | G1: 単価(円) | H1: 金額(円) | I1: 根拠 | J1: 備考
A2: A | C2: 空調設備工事（ベース図面06）
B3: A-1 | C3: 空調機器据付（機器元請支給）
A4: 06 | C4: AC-1 室内機 据付 | D4: 4方向天井カセット ツイン子機 PA-P280U7HDNB(10HP) 1F食堂・ﾐｰﾃｨﾝｸﾞ・ﾄﾚｰﾆﾝｸﾞ・ﾎｰﾙ | E4: 8 | F4: 台 | G4: 55000 | H4: =ROUND(E4*G4,0) -> 440000 | I4: 図面カウント | J4: 4系統×2台 空調平面図1F
A5: 06 | C5: AC-1 室外機 据付 | D5: 10HP 屋外機架台(支給)上 1F地上 | E5: 4 | F5: 台 | G5: 50000 | H5: =ROUND(E5*G5,0) -> 200000 | I5: 図面カウント | J5: 基礎は建築工事
A6: 06 | C6: AC-2 室内機 据付 | D6: 4方向天井カセット ツイン子機 PA-P224U7HDNB(8HP) コーチルーム | E6: 2 | F6: 台 | G6: 55000 | H6: =ROUND(E6*G6,0) -> 110000 | I6: 図面カウント
A7: 06 | C7: AC-2 室外機 据付 | D7: 8HP | E7: 1 | F7: 台 | G7: 50000 | H7: =ROUND(E7*G7,0) -> 50000 | I7: 図面カウント
A8: 06 | C8: AC-3 室内機 据付 | D8: 4方向天井カセット ツイン子機 (4HP) 脱衣室 | E8: 2 | F8: 台 | G8: 45000 | H8: =ROUND(E8*G8,0) -> 90000 | I8: 図面カウント
A9: 06 | C9: AC-3 室外機 据付 | D9: 4HP 物干場側 | E9: 1 | F9: 台 | G9: 35000 | H9: =ROUND(E9*G9,0) -> 35000 | I9: 図面カウント
A10: 06 | C10: AC-5 室内機 据付 | D10: 4方向天井カセット PA-P56U7HNB(2HP) ケア室・管理人室 | E10: 2 | F10: 台 | G10: 45000 | H10: =ROUND(E10*G10,0) -> 90000 | I10: 図面カウント
A11: 06 | C11: AC-5 室外機 据付 | D11: 2HP | E11: 2 | F11: 台 | G11: 35000 | H11: =ROUND(E11*G11,0) -> 70000 | I11: 図面カウント
A12: 06 | C12: AC-6 室内機 据付 | D12: 天吊形厨房用 PA-P140V7HNB(5HP) 厨房 | E12: 1 | F12: 台 | G12: 50000 | H12: =ROUND(E12*G12,0) -> 50000 | I12: 図面カウント
A13: 06 | C13: AC-6 室外機 据付 | D13: 5HP | E13: 1 | F13: 台 | G13: 35000 | H13: =ROUND(E13*G13,0) -> 35000 | I13: 図面カウント
A14: 06 | C14: AC-7 室内機 据付 | D14: 2方向天井カセット PA-P50L7HNB(1.8HP) 面談室 | E14: 1 | F14: 台 | G14: 45000 | H14: =ROUND(E14*G14,0) -> 45000 | I14: 図面カウント
A15: 06 | C15: AC-7 室外機 据付 | D15: 1.8HP | E15: 1 | F15: 台 | G15: 35000 | H15: =ROUND(E15*G15,0) -> 35000 | I15: 図面カウント
A16: 06 | C16: AC-8 室内機 据付 | D16: ビルトインダクト PA-P56FE7HNBC(2HP) 厨房 | E16: 1 | F16: 台 | G16: 50000 | H16: =ROUND(E16*G16,0) -> 50000 | I16: 図面カウント | J16: ダクト・制気口は A-4 に計上
A17: 06 | C17: AC-8 室外機 据付 | D17: 2HP | E17: 1 | F17: 台 | G17: 35000 | H17: =ROUND(E17*G17,0) -> 35000 | I17: 図面カウント
A18: 06 | C18: AC-9 室内機 据付 | D18: 天吊形厨房用 PA-P80V7HNB(3HP) 弁当室 | E18: 1 | F18: 台 | G18: 50000 | H18: =ROUND(E18*G18,0) -> 50000 | I18: 図面カウント
A19: 06 | C19: AC-9 室外機 据付 | D19: 3HP | E19: 1 | F19: 台 | G19: 35000 | H19: =ROUND(E19*G19,0) -> 35000 | I19: 図面カウント
A20: 06 | C20: AC-10 室内機 据付 | D20: 4方向天井カセット PA-P140U7HNB(5HP) 2F多目的スペース | E20: 1 | F20: 台 | G20: 45000 | H20: =ROUND(E20*G20,0) -> 45000 | I20: 図面カウント
A21: 06 | C21: AC-10 室外機 据付 | D21: 5HP 1F地上(中庭2西側) | E21: 1 | F21: 台 | G21: 35000 | H21: =ROUND(E21*G21,0) -> 35000 | I21: 図面カウント
A22: 06 | C22: RAC-1 据付 | D22: 壁掛ルームエアコン XCS-255DGX-W 内外機・ドレンアップ共 洗浄室・休憩室 | E22: 2 | F22: 組 | G22: 28000 | H22: =ROUND(E22*G22,0) -> 56000 | I22: 図面カウント | J22: 屋外機架台支給
A23: 06 | C23: RAC-2 据付 | D23: 壁掛ルームエアコン XCS-405DGX-W 内外機・ドレンアップ共 来客室・和室・洋室・DK | E23: 8 | F23: 組 | G23: 28000 | H23: =ROUND(E23*G23,0) -> 224000 | I23: 図面カウント | J23: 屋外機架台(2段)支給
A24: 06 | C24: RAC-3 据付 | D24: 壁掛ルームエアコン XCS-405DGX2-W 内外機 2F寮室・予備室・コーチ宿泊室 | E24: 66 | F24: 組 | G24: 25000 | H24: =ROUND(E24*G24,0) -> 1650000 | I24: 図面カウント | J24: 屋外機はバルコニー2段架台(支給)
A25: 06 | C25: RAC-4 据付 | D25: 壁掛ルームエアコン XCS-635DGX2-W 内外機 2F寮務スタッフ室 | E25: 1 | F25: 組 | G25: 28000 | H25: =ROUND(E25*G25,0) -> 28000 | I25: 図面カウント
A26: 06 | C26: CR-1 集中リモコン 取付 | D26: CZ-10ESM5・CZ-10ESW4 管理人室 | E26: 1 | F26: 台 | G26: 15000 | H26: =ROUND(E26*G26,0) -> 15000 | I26: 図面カウント | J26: 配線は A-4
A27: 06 | C27: 機器搬入・揚重・養生 | D27: PAC 32台・RAC 154台分 | E27: 1 | F27: 式 | G27: 250000 | H27: =ROUND(E27*G27,0) -> 250000 | I27: 推測
C28: A-1 空調機器据付（機器元請支給） 小計 | H28: =SUM(H4:H27) -> 3723000
B29: A-2 | C29: 冷媒配管
A30: 06 | C30: 冷媒配管 ① | D30: 被覆銅管 9.52/6.35 (RAC-1,2 1F 及び RAC-3 2F) | E30: 360 | F30: m | G30: 4500 | H30: =ROUND(E30*G30,0) -> 1620000 | I30: 実測+推測 | J30: 平面実測34.3m＋推測(RAC-3 66台×4m、来客室RAC-2 5台×4m、RAC-1補正8m、立上り10台×3m)
A31: 06 | C31: 冷媒配管 ② | D31: 被覆銅管 12.7/6.35 (AC-5,7,8 AC-3枝 RAC-4) | E31: 77 | F31: m | G31: 5200 | H31: =ROUND(E31*G31,0) -> 400400 | I31: 実測+推測 | J31: 平面実測56m＋推測(立上り4系統×4m、RAC-4 5m)
A32: 06 | C32: 冷媒配管 ③ | D32: 被覆銅管 15.88/9.52 (AC-1/2枝 AC-3主 AC-6,9,10) | E32: 96 | F32: m | G32: 6500 | H32: =ROUND(E32*G32,0) -> 624000 | I32: 実測+推測 | J32: 平面実測72.2m＋推測(立上り3系統×4m、AC-10 2F分3.5m＋立管8m)
A33: 06 | C33: 冷媒配管 ⑥ | D33: 被覆銅管 25.4/9.52 (AC-2主管) | E33: 9 | F33: m | G33: 9500 | H33: =ROUND(E33*G33,0) -> 85500 | I33: 実測+推測 | J33: 平面実測5m＋立上り4m
A34: 06 | C34: 冷媒配管 ⑦ | D34: 被覆銅管 25.4/12.7 (AC-1主管 4系統) | E34: 57 | F34: m | G34: 10500 | H34: =ROUND(E34*G34,0) -> 598500 | I34: 実測+推測 | J34: 平面実測41m＋立上り4系統×4m
A35: 06 | C35: 冷媒配管 化粧ケース | D35: 屋外・屋内露出部 (管種凡例: 露出管は化粧ケース仕上) | E35: 125 | F35: m | G35: 3000 | H35: =ROUND(E35*G35,0) -> 375000 | I35: 推測 | J35: PAC13+RAC1F10箇所×2.5m、RAC-3/4 67台×1.0m
A36: 06 | C36: 外壁貫通スリーブ材 | D36: VP100 冷媒・ドレン用 (穴明けは建築工事) | E36: 90 | F36: 箇所 | G36: 2500 | H36: =ROUND(E36*G36,0) -> 225000 | I36: 推測 | J36: RAC77＋PAC13
A37: 06 | C37: 区画貫通処理 | D37: 冷媒管 フィブロック(認定工法) | E37: 2 | F37: 箇所 | G37: 12000 | H37: =ROUND(E37*G37,0) -> 24000 | I37: 実測 | J37: 空調平面図1F ●区画貫通部 2箇所
A38: 06 | C38: 気密試験・真空引き・冷媒追加充填 作業 | D38: PAC 系統毎 | E38: 13 | F38: 系統 | G38: 15000 | H38: =ROUND(E38*G38,0) -> 195000 | I38: 図面カウント
A39: 06 | C39: 冷媒追加充填 (冷媒代) | D39: R32/R410A | E39: 8 | F39: kg | G39: 6000 | H39: =ROUND(E39*G39,0) -> 48000 | I39: 推測 | J39: 配管延長より約20g/m換算
C40: A-2 冷媒配管 小計 | H40: =SUM(H30:H39) -> 4195400
B41: A-3 | C41: ドレン配管
A42: 06 | C42: ドレン管 VP20 | D42: 硬質塩化ビニル管 継手・支持共 | E42: 37 | F42: m | G42: 2800 | H42: =ROUND(E42*G42,0) -> 103600 | I42: 実測+推測 | J42: 平面実測7m＋推測(RAC-1/2 ドレンアップ吐出→屋外 10台×3m)
A43: 06 | C43: ドレン管 VP25 | D43: 硬質塩化ビニル管 継手・支持共 | E43: 94 | F43: m | G43: 3200 | H43: =ROUND(E43*G43,0) -> 300800 | I43: 実測+推測 | J43: 平面実測1F 87.3m・2F 6.1m(未判読分比例配分含む)
A44: 06 | C44: ドレン管 VP40 | D44: 硬質塩化ビニル管 継手・支持共 | E44: 68 | F44: m | G44: 4000 | H44: =ROUND(E44*G44,0) -> 272000 | I44: 実測+推測 | J44: 平面実測50.2m＋推測(立下り・屋外放流部12箇所×1.5m)
A45: 06 | C45: ドレン管 保温 | D45: GW保温筒20 ALGC 天井内 (特記仕様書 保温表は空欄・標準仕様に準じ計上 要確認) | E45: 143 | F45: m | G45: 2500 | H45: =ROUND(E45*G45,0) -> 357500 | I45: 推測 | J45: VP25・VP40 天井内相当分
A46: 06 | C46: ドレン管 区画貫通処理 | D46: 耐火二層管／フィブロック | E46: 2 | F46: 箇所 | G46: 12000 | H46: =ROUND(E46*G46,0) -> 24000 | I46: 推測 | J46: 冷媒管と同位置
A47: 06 | C47: RAC-3/4 ドレンホース 延長・共巻 | D47: 勾配確保の上 冷媒管共巻 (図示注記) | E47: 67 | F47: 台 | G47: 1500 | H47: =ROUND(E47*G47,0) -> 100500 | I47: 推測
C48: A-3 ドレン配管 小計 | H48: =SUM(H42:H47) -> 1158400
B49: A-4 | C49: 付帯工事・試運転
A50: 06 | C50: リモコン線・内外連絡線 配線 | D50: PAC 系統毎 (ワイヤードリモコン線 0.75×2C、渡り線) 工事区分表: 機械 | E50: 13 | F50: 系統 | G50: 12000 | H50: =ROUND(E50*G50,0) -> 156000 | I50: 図面カウント | J50: 電源は電気工事
A51: 06 | C51: 集中リモコン CR-1 制御配線 | D51: S-LINK 13系統分 推定延長200m | E51: 1 | F51: 式 | G51: 60000 | H51: =ROUND(E51*G51,0) -> 60000 | I51: 推測
A52: 06 | C52: RAC 内外連絡線 配線 | D52: VVF2.0-3C 1台当り5m | E52: 77 | F52: 台 | G52: 3000 | H52: =ROUND(E52*G52,0) -> 231000 | I52: 推測
A53: 06 | C53: AC-8 ビルトインダクト用 ダクト・制気口 | D53: 吹出口・吸込口・チャンバー・フレキ 一式 | E53: 1 | F53: 式 | G53: 80000 | H53: =ROUND(E53*G53,0) -> 80000 | I53: 推測 | J53: 図面に系統詳細なし
A54: 06 | C54: 試運転調整 PAC | D54: 系統毎 | E54: 13 | F54: 系統 | G54: 8000 | H54: =ROUND(E54*G54,0) -> 104000 | I54: 図面カウント
A55: 06 | C55: 試運転調整 RAC | D55: 台毎 | E55: 77 | F55: 台 | G55: 2000 | H55: =ROUND(E55*G55,0) -> 154000 | I55: 図面カウント
A56: 06 | C56: 法令・申請・書類 | D56: 試運転報告書・冷媒管理記録 等 | E56: 1 | F56: 式 | G56: 30000 | H56: =ROUND(E56*G56,0) -> 30000 | I56: 推測
C57: A-4 付帯工事・試運転 小計 | H57: =SUM(H50:H56) -> 815000
C58: A 空調設備工事（ベース図面06） 計 | H58: =H28+H40+H48+H57 -> 9891800
A60: B | C60: 換気設備工事（ベース図面06）
B61: B-1 | C61: 換気機器据付（機器元請支給）
A62: 06 | C62: FE-A1 パイプファン 据付 | D62: V-12PS8 150φ ゴミ庫1・倉庫1 | E62: 2 | F62: 台 | G62: 8000 | H62: =ROUND(E62*G62,0) -> 16000 | I62: 図面カウント
A63: 06 | C63: FE-A2 天井扇 据付 | D63: VD-15ZC14 100φ 管理人和室洋室クローク・面談室 | E63: 2 | F63: 台 | G63: 12000 | H63: =ROUND(E63*G63,0) -> 24000 | I63: 図面カウント
A64: 06 | C64: FE-A3 天井扇 据付 | D64: VD-10ZC14 管理人WC | E64: 1 | F64: 台 | G64: 12000 | H64: =ROUND(E64*G64,0) -> 12000 | I64: 図面カウント
A65: 06 | C65: FE-A4 親子扇 据付 | D65: VD-10ZFC14 管理人洗面UB | E65: 1 | F65: 台 | G65: 14000 | H65: =ROUND(E65*G65,0) -> 14000 | I65: 図面カウント
A66: 06 | C66: FE-A5 天井扇 据付 | D66: VD-15ZC14 管理人室 | E66: 2 | F66: 台 | G66: 12000 | H66: =ROUND(E66*G66,0) -> 24000 | I66: 図面カウント
A67: 06 | C67: FE-A6 中間ファン 据付 | D67: BFS-50SYA2 200φ 1階男性WC | E67: 1 | F67: 台 | G67: 35000 | H67: =ROUND(E67*G67,0) -> 35000 | I67: 図面カウント | J67: 防振吊金具共
A68: 06 | C68: FE-A7 天井扇 据付 | D68: VD-17ZSC14 1階多目的WC | E68: 1 | F68: 台 | G68: 12000 | H68: =ROUND(E68*G68,0) -> 12000 | I68: 図面カウント
A69: 06 | C69: FE-B1 天井扇 据付 | D69: VD-17ZSC14 シューズロッカー・洗い場 | E69: 2 | F69: 台 | G69: 12000 | H69: =ROUND(E69*G69,0) -> 24000 | I69: 図面カウント
A70: 06 | C70: FE-B2 天井扇 据付 | D70: VD-23ZB13 洗濯室 | E70: 2 | F70: 台 | G70: 14000 | H70: =ROUND(E70*G70,0) -> 28000 | I70: 図面カウント
A71: 06 | C71: FE-B3 有圧扇 据付 | D71: EF-25ASXC2 浴室 ウェザーカバー共 | E71: 2 | F71: 台 | G71: 25000 | H71: =ROUND(E71*G71,0) -> 50000 | I71: 図面カウント
A72: 06 | C72: FE-B4 中間ファン 据付 | D72: BFS-50SYA2 脱衣室・前室 | E72: 1 | F72: 台 | G72: 35000 | H72: =ROUND(E72*G72,0) -> 35000 | I72: 図面カウント
A73: 06 | C73: FE-C1 パイプファン 据付 | D73: V-08PPX8 厨房WC・休憩室・段ボール庫・ゴミ庫2 | E73: 4 | F73: 台 | G73: 8000 | H73: =ROUND(E73*G73,0) -> 32000 | I73: 図面カウント
A74: 06 | C74: FE-C2 パイプファン 据付 | D74: V-08PP8 厨房前室 | E74: 1 | F74: 台 | G74: 8000 | H74: =ROUND(E74*G74,0) -> 8000 | I74: 図面カウント
A75: 06 | C75: FE-C3 天井扇 据付 | D75: VD-15ZC14 冷蔵庫室 | E75: 1 | F75: 台 | G75: 12000 | H75: =ROUND(E75*G75,0) -> 12000 | I75: 図面カウント
A76: 06 | C76: FE-C4 天井扇 据付 | D76: VD-17ZSC14 食品庫・弁当室 | E76: 2 | F76: 台 | G76: 12000 | H76: =ROUND(E76*G76,0) -> 24000 | I76: 図面カウント
A77: 06 | C77: FE-C5 天井扇 据付 | D77: VD-13ZC14 厨房廊下 | E77: 1 | F77: 台 | G77: 12000 | H77: =ROUND(E77*G77,0) -> 12000 | I77: 図面カウント
A78: 06 | C78: FE-D1 親子扇 据付 | D78: VD-10ZFC14 来客室UB | E78: 5 | F78: 台 | G78: 14000 | H78: =ROUND(E78*G78,0) -> 70000 | I78: 図面カウント
A79: 06 | C79: FE-D2 有圧扇 据付 | D79: ENF-20YSA2 倉庫2 ウェザーカバー共 | E79: 1 | F79: 台 | G79: 25000 | H79: =ROUND(E79*G79,0) -> 25000 | I79: 図面カウント
... A87: 06 | C87: FE-E6 親子扇 据付 | D87: VD-10ZFC14 寮務スタッフ室UB | E87: 1 | F87: 台 | G87: 14000 | H87: =ROUND(E87*G87,0) -> 14000 | I87: 図面カウント
A88: 06 | C88: HEX-1 全熱交換器 据付 | D88: LGH-N80RXV2 天井埋込 食堂 リモコン共 | E88: 1 | F88: 台 | G88: 45000 | H88: =ROUND(E88*G88,0) -> 45000 | I88: 図面カウント | J88: 08にて中止→C-1で減額
A89: 06 | C89: HEX-2 全熱交換器 据付 | D89: LGH-N65RXW2 天井埋込 ミーティングルーム | E89: 1 | F89: 台 | G89: 45000 | H89: =ROUND(E89*G89,0) -> 45000 | I89: 図面カウント | J89: 08にて中止→C-1で減額
A90: 06 | C90: HEX-3 全熱交換器 据付 | D90: SKU-50AC 天井カセット コーチルーム・トレーニングルーム | E90: 4 | F90: 台 | G90: 40000 | H90: =ROUND(E90*G90,0) -> 160000 | I90: 図面カウント | J90: 08にて中止→C-1で減額
A91: 06 | C91: HEX-4 壁掛ロスナイ 据付 | D91: VL-10ES3 来客室・寮室(南)・寮務スタッフ室 | E91: 46 | F91: 台 | G91: 12000 | H91: =ROUND(E91*G91,0) -> 552000 | I91: 図面カウント | J91: 08にて中止→C-1で減額
A92: 06 | C92: HEX-5 壁掛ロスナイ 据付 | D92: VL-12ESH3 寮室(北) | E92: 27 | F92: 台 | G92: 12000 | H92: =ROUND(E92*G92,0) -> 324000 | I92: 図面カウント | J92: 08にて中止→C-1で減額
A93: 06 | C93: F-1 中間ファン 据付 | D93: BFS-80SXA2 厨房用 洗浄室 | E93: 1 | F93: 台 | G93: 35000 | H93: =ROUND(E93*G93,0) -> 35000 | I93: 図面カウント
A94: 06 | C94: F-2 中間ファン 据付 | D94: BFS-150SXA2 厨房用 厨房 | E94: 1 | F94: 台 | G94: 40000 | H94: =ROUND(E94*G94,0) -> 40000 | I94: 図面カウント
A95: 06 | C95: F-3 有圧扇 据付 | D95: EF-30BSXC2-HC 厨房 ウェザーカバー・リモコン共 | E95: 3 | F95: 台 | G95: 28000 | H95: =ROUND(E95*G95,0) -> 84000 | I95: 図面カウント
A96: 06 | C96: F-4 サイクル扇 据付 | D96: CY-30WD 脱衣室 速度調節器共 | E96: 4 | F96: 台 | G96: 10000 | H96: =ROUND(E96*G96,0) -> 40000 | I96: 図面カウント
A97: 06 | C97: FS-1 中間ファン 据付 | D97: BFS-80SUG2 給気 洗浄室 F-1と連動 | E97: 1 | F97: 台 | G97: 35000 | H97: =ROUND(E97*G97,0) -> 35000 | I97: 図面カウント
A98: 06 | C98: FS-2 中間ファン 据付 | D98: BFS-150SUG2 給気 厨房 F-2と連動 | E98: 1 | F98: 台 | G98: 40000 | H98: =ROUND(E98*G98,0) -> 40000 | I98: 図面カウント
A99: 06 | C99: 全熱交換器・中間ファン リモコン配線 | D99: HEX-1,2,3(4台)・F-3 リモコン線 工事区分表: 機械 | E99: 9 | F99: 台 | G99: 8000 | H99: =ROUND(E99*G99,0) -> 72000 | I99: 図面カウント | J99: HEX分は08で減額
A100: 06 | C100: 機器搬入・養生 | D100: 換気機器 約140台 | E100: 1 | F100: 式 | G100: 80000 | H100: =ROUND(E100*G100,0) -> 80000 | I100: 推測
C101: B-1 換気機器据付（機器元請支給） 小計 | H101: =SUM(H62:H100) -> 2247000
B102: B-2 | C102: ダクト工事
A103: 06 | C103: スパイラルダクト 100φ (EA) | D103: 亜鉛鉄板 低速 継手・支持共 | E103: 68 | F103: m | G103: 4500 | H103: =ROUND(E103*G103,0) -> 306000 | I103: 実測 | J103: 1F 62.6m・2F 5.2m
A104: 06 | C104: スパイラルダクト 150φ (EA) | D104: 亜鉛鉄板 低速 継手・支持共 | E104: 151 | F104: m | G104: 5500 | H104: =ROUND(E104*G104,0) -> 830500 | I104: 実測 | J104: 1F 122.4m・2F 28.2m(口径未判読分含む)
A105: 06 | C105: スパイラルダクト 200φ (EA) | D105: 亜鉛鉄板 低速 継手・支持共 | E105: 44 | F105: m | G105: 6500 | H105: =ROUND(E105*G105,0) -> 286000 | I105: 実測+推測 | J105: 1F 25.2m・2F 9.8m 実測＋厨房詳細図 9m 推測
A106: 06 | C106: スパイラルダクト 250φ (EA 厨房) | D106: 亜鉛鉄板 継手・支持共 | E106: 6 | F106: m | G106: 7500 | H106: =ROUND(E106*G106,0) -> 45000 | I106: 推測 | J106: 厨房廻り平面詳細図より
A107: 06 | C107: スパイラルダクト 300φ (EA 厨房) | D107: 亜鉛鉄板 継手・支持共 | E107: 5 | F107: m | G107: 8500 | H107: =ROUND(E107*G107,0) -> 42500 | I107: 推測 | J107: フード③④→F-3 3台
A108: 06 | C108: スパイラルダクト 100φ (OA) | D108: 亜鉛鉄板 継手・支持共 | E108: 4 | F108: m | G108: 4500 | H108: =ROUND(E108*G108,0) -> 18000 | I108: 実測
...

Sheet 数量拾い根拠
A1: 数量拾い根拠 ※計測方法: PDF図面(A3 1:300、厨房詳細 1:70)のベクトル線分を色・線幅で分離し延長を集計。「実測」=図面線分の平面延長、「推測」=図面に無い部分の推定
A3: 1. 冷媒配管（ベース06）系統別
A4: 系統 | B4: 口径記号 | C4: 平面実測(m) | D4: 推測加算(m) | E4: 合計(m) | H4: 推測内容
A5: RAC-2×3 和室・洋室・DK | B5: ① | C5: 28.1 | D5: 9 | E5: 37.1 | H5: 屋外機→屋内機 立上り 3台×3m
A6: AC-7 面談室 | B6: ② | C6: 13 | D6: 4 | E6: 17 | H6: 北西ゾーン実測60.3mを3系統に配分。立上り4m
A7: AC-5 管理人室 | B7: ② | C7: 18 | D7: 4 | E7: 22 | H7: 同上
A8: AC-1 ホール(ツイン) | B8: ⑦主/③枝 | C8: 29 | D8: 4 | E8: 33 | H8: 主管17m・枝管12m。立上り4m(⑦)
A9: AC-6/AC-8/AC-9/RAC-1×2 厨房ブロック | B9: ③/②/③/① | C9: 22.2 | D9: 20 | E9: 42.2 | H9: 重なり配管の未計測補正8m(RAC-1休憩室)・立上り4系統×3～4m
A10: AC-1 食堂・ミーティング(ツイン×2) | B10: ⑦主/③枝 | C10: 30.7 | D10: 8 | E10: 38.7 | H10: 各系統 主管8m・枝管7.5m。立上り各4m
A11: AC-10 多目的スペース(2F) | B11: ③ | C11: 10.2 | D11: 11.5 | E11: 21.7 | H11: 2F平面3.5m・立管(1F地上→2F天井)8m
A12: AC-2 コーチルーム(ツイン) | B12: ⑥主/③枝 | C12: 11.1 | D12: 4 | E12: 15.1 | H12: 主管5m・枝管6m。立上り4m
A13: AC-1 トレーニング(ツイン)＋AC-5 ケア室 | B13: ⑦/③ ・ ② | C13: 32 | D13: 8 | E13: 40 | H13: AC-1 主8m枝12m・AC-5 12m。立上り各4m
A14: AC-3 脱衣室(ツイン) | B14: ③主/②枝 | C14: 13.9 | D14: 4 | E14: 17.9 | H14: 主管7m・枝管7m。立上り4m
A15: RAC-2×5 来客室 | B15: ① | C15: 2.7 | D15: 18 | E15: 20.7 | H15: 屋外機が各室直近。1台4m×5台(実測分は微小)
A16: RAC-3×66 2F寮室等 | B16: ① | C16: 0 | D16: 264 | E16: 264 | H16: 図面に配管線なし。壁掛機→バルコニー屋外機 4m/台
A17: RAC-4 寮務スタッフ室 | B17: ② | C17: 0 | D17: 5 | E17: 5 | H17: 同上 5m
A18: 合計 | C18: 211 | D18: 363.5 | E18: 574.5 | H18: 口径別集計: ①360 ②77 ③96 ⑥9 ⑦57 (m・端数調整後)
A20: 2. ドレン配管（ベース06）
A21: 区分 | B21: 口径 | C21: 平面実測(m) | D21: 推測加算(m) | E21: 合計(m) | H21: 備考
A22: 1F 空調平面図 青線(D) | B22: VP20 | C22: 6.6 | D22: 30 | E22: 36.6 | H22: RAC-1/2 ドレンアップ吐出→屋外 10台×3m
A23: 1F 空調平面図 青線(D) | B23: VP25 | C23: 87.3 | D23: 0 | E23: 87.3 | H23: 口径ラベル未割当31.3mを25/40へ比例配分済
A24: 1F 空調平面図 青線(D) | B24: VP40 | C24: 50.2 | D24: 18 | E24: 68.2 | H24: 立下り・屋外放流部 12箇所×1.5m
A25: 2F 空調平面図 青線(D) AC-10 | B25: VP25 | C25: 6.1 | D25: 0 | E25: 6.1
A26: 合計 | C26: 150.2 | D26: 48 | E26: 198.2
A28: 3. 冷媒配管（図面08 追加 空調）
A29: 系統 | B29: 口径記号 | C29: 平面実測(m) | D29: 推測(m) | E29: 合計(m) | H29: 推定根拠
A30: 追AC1 PA-P140U7GTNB トリプル | B30: ③主/①枝 | C30: 0 | D30: 51 | E30: 51 | H30: 室外機:物干場側(AC-3隣) 室内機:ホール・洗濯室前廊下・階段ホール。主管12m＋立上り4m、枝管8+10+12＋余裕
A31: 追AC2 PA-P224L7HTNB トリプル | B31: ⑥主/③枝 | C31: 0 | D31: 57 | E31: 57 | H31: 室外機:南側(AC-1/5隣) 室内機:1F南廊下3箇所。主管8m＋立上り4m、枝管10+20+15
A32: 追AC3 PA-P224L7HTNB トリプル | B32: ⑥主/③枝 | C32: 0 | D32: 64 | E32: 64 | H32: 室外機:東側地上 室内機:2F北廊下3箇所。立管6m＋主管8m、枝管0+16+32(＋2)
A33: 追AC4 PA-P224L7HTNB トリプル | B33: ⑥主/③枝 | C33: 0 | D33: 51 | E33: 51 | H33: 室外機:東側地上(倉庫2東) 室内機:階段ホール2・南廊下1。立管6m＋主管25m、枝管5+8+6(＋1)
A34: 追AC5 PA-P224L7HTNB トリプル | B34: ⑥主/③枝 | C34: 0 | D34: 69 | E34: 69 | H34: 室外機:東側地上 室内機:2F南廊下3箇所。立管6m＋主管10m、枝管0+18+35
A35: 合計 | C35: 0 | D35: 292 | E35: 292 | H35: 口径別: ①35 ③184 ⑥73
A37: 4. ダクト（ベース06）
A38: 図面 | B38: 系統 | C38: 100φ(m) | D38: 150φ(m) | E38: 200φ(m) | F38: 250φ(m) | G38: 300φ(m) | H38: 備考
A39: 1F換気平面図(p22) 黒太線 | B39: EA | C39: 62.6 | D39: 122.4 | E39: 25.2 | F39: 0 | G39: 0 | H39: 150φに口径未判読16.6m含む（実測）
A40: 1F換気平面図(p22) 青線 | B40: OA | C40: 3.5 | D40: 50.4 | E40: 45.7 | F40: 0 | G40: 0 | H40: 150φに未判読9.1m含む（実測）
A41: 2F換気平面図(p23) 黒太線 | B41: EA | C41: 5.2 | D41: 28.2 | E41: 9.8 | F41: 0 | G41: 0 | H41: 実測
A42: 2F換気平面図(p23) 青線 | B42: OA | C42: 0 | D42: 0 | E42: 3.5 | F42: 0 | G42: 0 | H42: 実測
A43: 厨房廻り詳細図(p24) 1:70 | B43: EA | C43: 0 | D43: 0 | E43: 9 | F43: 6 | G43: 5 | H43: 推測（二重線表記のため目視換算）
A44: 厨房廻り詳細図(p24) 1:70 | B44: OA(FS-1/2・F-3給気) | C44: 0 | D44: 0 | E44: 7.5 | F44: 6 | G44: 3 | H44: 推測
A45: 外壁貫通部・フード接続 | B45: EA/OA | C45: 0 | D45: 58 | E45: 0 | F45: 0 | G45: 0 | H45: 推測 1.0m/箇所×58
A46: 合計 | C46: 71.3 | D46: 259 | E46: 100.7 | F46: 12 | G46: 8 | H46: 明細は端数切上げ
A48: 5. 機器台数（図面カウント）
A49: 記号 | B49: 台数 | H49: 備考
A50: AC-1 (ツイン) 室内8/室外4 | B50: 4系統 | H50: 空調機器表・平面図
A51: AC-2,3 (ツイン) 室内各2/室外各1 | B51: 2系統
A52: AC-5,6,7,8,9,10 室内各1/室外各1 | B52: 7台 | H52: AC-5は2台
A53: RAC-1/2/3/4 | B53: 2/8/66/1 | H53: 2F寮室×16+×3+×11+×8+×4+×24=66
A54: 追AC1 室内3/室外1、追AC2～5 室内各3/室外各1 | B54: 5系統 | H54: 図面08 p19・p20 朱書き □ 位置より
A55: 換気機器 FE/HEX/F/FS | B55: 機器表どおり | H55: 換気機器表 p21
A56: 区画貫通部 ● | B56: 1F 2箇所 | H56: 空調平面図1F 凡例
A57: VD | B57: 1F 9・2F 4 | H57: 換気平面図ラベル数

Sheet 単価仮定
A1: 単価仮定一覧（材工共・税抜・仮単価） ※自社単価に置換してください
A3: 名称 | B3: 単価(円) | C3: 単位 | D3: 規格（代表）
A4: AC-1 室内機 据付 | B4: 55000 | C4: 台 | D4: 4方向天井カセット ツイン子機 PA-P280U7HDNB(10HP) 1F食堂・ﾐｰﾃｨﾝｸﾞ・ﾄﾚｰﾆﾝｸﾞ・ﾎｰﾙ
A5: AC-1 室外機 据付 | B5: 50000 | C5: 台 | D5: 10HP 屋外機架台(支給)上 1F地上
A6: AC-2 室内機 据付 | B6: 55000 | C6: 台 | D6: 4方向天井カセット ツイン子機 PA-P224U7HDNB(8HP) コーチルーム
A7: AC-2 室外機 据付 | B7: 50000 | C7: 台 | D7: 8HP
A8: AC-3 室内機 据付 | B8: 45000 | C8: 台 | D8: 4方向天井カセット ツイン子機 (4HP) 脱衣室
A9: AC-3 室外機 据付 | B9: 35000 | C9: 台 | D9: 4HP 物干場側
A10: AC-5 室内機 据付 | B10: 45000 | C10: 台 | D10: 4方向天井カセット PA-P56U7HNB(2HP) ケア室・管理人室
A11: AC-5 室外機 据付 | B11: 35000 | C11: 台 | D11: 2HP
A12: AC-6 室内機 据付 | B12: 50000 | C12: 台 | D12: 天吊形厨房用 PA-P140V7HNB(5HP) 厨房
A13: AC-6 室外機 据付 | B13: 35000 | C13: 台 | D13: 5HP
A14: AC-7 室内機 据付 | B14: 45000 | C14: 台 | D14: 2方向天井カセット PA-P50L7HNB(1.8HP) 面談室
A15: AC-7 室外機 据付 | B15: 35000 | C15: 台 | D15: 1.8HP
... A105: VHS 200×200 (開口率70%) | B105: 10000 | C105: 個 | D105: SUS/鋼製 指定色
A106: VHS 250×250 | B106: 12000 | C106: 個
A107: VHS 300×300 | B107: 14000 | C107: 個
A108: VHS 350×350 | B108: 16000 | C108: 個
A109: VHS 400×400 | B109: 18000 | C109: 個
A110: VHS 450×450 | B110: 20000 | C110: 個
A111: HS/VHS 550×550 | B111: 25000 | C111: 個
A112: VHS 650×650 | B112: 30000 | C112: 個
A113: HS 150×150 | B113: 7000 | C113: 個
A114: HS 200×200 | B114: 8000 | C114: 個
A115: BOX(内貼) 300×300×300H | B115: 14000 | C115: 個 | D115: GW25 内貼
A116: BOX(内貼) 350×350×300H | B116: 15000 | C116: 個
A117: BOX(内貼) 400×400×300H | B117: 17000 | C117: 個
A118: BOX(内貼) 450×450×350H | B118: 18000 | C118: 個
A119: BOX(内貼) 500×500×350H | B119: 20000 | C119: 個
A120: BOX(内貼) 550×550×400H | B120: 22000 | C120: 個
A121: BOX(内貼) 600×600×400H | B121: 25000 | C121: 個
A122: BOX(内貼) 700×700×450H | B122: 28000 | C122: 個
A123: BOX(内貼) 800×800×500H | B123: 35000 | C123: 個
A124: SUS製フード 取付 (支給品) | B124: 4000 | C124: 箇所 | D124: 指定色塗装 外壁貫通部
A125: ウェザーカバー 取付 (支給品) | B125: 5000 | C125: 箇所 | D125: 有圧扇用
A126: 厨房フード① 製作取付 | B126: 180000 | C126: 台 | D126: SUS製 900×850×800H 二重フード
A127: 厨房フード② 製作取付 | B127: 260000 | C127: 台 | D127: SUS製 1400×900×800H GF・二重フード
A128: 厨房フード③ 製作取付 | B128: 260000 | C128: 台 | D128: SUS製 1170×1170×800H GF
A129: 厨房フード④ 製作取付 | B129: 450000 | C129: 台 | D129: SUS製 3350×750×800H GF
A130: 衣類乾燥機排気用スリーブ | B130: 15000 | C130: 箇所 | D130: スリーブキャップ共
A131: 試運転調整・風量測定 | B131: 120000 | C131: 式 | D131: 一式
A132: HEX-1 全熱交換器 据付 (中止) | B132: 45000 | C132: 台 | D132: LGH-N80RXV2 食堂
A133: HEX-2 全熱交換器 据付 (中止) | B133: 45000 | C133: 台 | D133: LGH-N65RXW2 ミーティングルーム
A134: HEX-3 全熱交換器 据付 (中止) | B134: 40000 | C134: 台 | D134: SKU-50AC コーチルーム・トレーニングルーム
A135: HEX-4 壁掛ロスナイ 据付 (中止) | B135: 12000 | C135: 台 | D135: VL-10ES3
... A156: 集中リモコン CR-1 制御配線 追加 | B156: 25000 | C156: 式 | D156: S-LINK 5系統分
A157: 試運転調整 | B157: 8000 | C157: 系統
A158: 機器搬入・揚重・養生 追加 | B158: 60000 | C158: 式
